,$\sigma(0.0)$ [MeV] , $\sigma(0.20)$ [MeV] 
$\sigma_{tot}$,$\num{0.219033325961(0.0006865088)}$,$\num{0.179463342520(0.0007321261)}$,
$\sigma_{straggling}$,$\num{0.086263447055(0.0004706257)}$,$\num{0.062407267122(0.0006788750)}$,
$\sigma_{\theta}$,$\num{0.201336762255(0.0006744131)}$,$\num{0.168440735045(0.0007209796)}$,
$\sigma_{0}$,$\num{0.001555659649(0.0000086271)}$,$\num{0.011261035383(0.0015780334)}$,
